{"iris": {"decision_tree": 0.95999999999999996, "neural_network": 0.98000000000000009, "svm": 0.98000000000000009}, "winequality_red": {"decision_tree": 0.46731755668060526, "neural_network": 0.56987820326621008, "svm": 0.5009427949748263}, "winequality_white": {"decision_tree": 0.42167728115011016, "neural_network": 0.48050029451982079, "svm": 0.44760222568586838}, "transfusion": {"decision_tree": 0.64452252252252251, "neural_network": 0.50854054054054054, "svm": 0.70333333333333337}, "ecoli": {"decision_tree": 0.79981041610192471, "neural_network": 0.84743841934057151, "svm": 0.75308226091794961}, "hepatitis": {"decision_tree": 0.75580882352941181, "neural_network": 0.78127450980392155, "svm": 0.79419117647058823}, "glass": {"decision_tree": 0.61481648785996623, "neural_network": 0.61548873831482531, "svm": 0.64556810339419024}, "lung_cancer": {"decision_tree": 0.375, "neural_network": 0.54166666666666663, "svm": 0.48333333333333328}, "abalone": {"decision_tree": 0.19751716371913611, "neural_network": 0.26664294640545683, "svm": 0.23798952170578397}, "breast_cancer_wisconsin": {"decision_tree": 0.9443443268305487, "neural_network": 0.94581313970781211, "svm": 0.95871110722304864}}